alert_type,urgency,hour,weekday,nearby_reports,recent_reports,rain_probability,risk_level
Tránsito,Media,19,4,6,2,0.2,2
Tránsito,Baja,23,2,5,1,0.1,1
Seguridad,Baja,23,1,2,1,0.57,1
Bache,Alta,23,1,1,2,0.39,1
Bache,Media,16,3,8,1,0.77,2
Seguridad,Baja,3,1,0,2,0.18,0
Iluminación,Media,13,5,0,2,0.25,1
Tránsito,Baja,12,1,5,1,0.3,1
Residuos,Baja,1,5,3,6,0.31,1
Bache,Baja,0,6,3,4,0.95,2
Residuos,Media,14,6,5,0,0.48,1
Tránsito,Baja,16,5,4,5,0.24,2
Bache,Media,5,2,5,1,0.88,2
Bache,Baja,19,5,4,5,0.13,2
Seguridad,Alta,13,0,5,5,0.89,2
Residuos,Alta,1,2,6,4,0.55,2
Bache,Media,19,3,8,2,0.59,2
Tránsito,Media,19,3,4,2,0.71,2
Bache,Media,5,0,2,4,0.86,2
Iluminación,Alta,15,4,0,4,0.03,2
Residuos,Baja,4,6,1,0,0.44,0
Incendio,Alta,17,0,6,0,0.36,2
Tránsito,Media,2,5,8,1,0.49,2
Bache,Media,15,1,1,3,0.15,1
Tránsito,Media,3,1,5,5,0.73,2
Seguridad,Baja,22,0,8,1,0.52,1
Residuos,Baja,20,0,4,5,0.8,2
Residuos,Baja,7,4,3,1,0.55,1
Iluminación,Alta,0,0,1,4,0.8,2
Residuos,Baja,11,0,5,0,0.07,1
Seguridad,Baja,16,0,3,2,0.84,1
Residuos,Baja,16,5,2,5,0.82,1
Tránsito,Baja,17,0,8,4,0.12,2
Tránsito,Media,4,6,4,1,0.4,2
Bache,Baja,13,0,4,5,0.71,2
Bache,Alta,21,1,0,2,0.8,2
Bache,Alta,16,2,6,3,0.65,2
Tránsito,Media,6,5,8,6,0.61,2
Seguridad,Baja,13,0,2,4,0.06,1
Iluminación,Media,16,6,6,5,0.44,2
Iluminación,Baja,21,5,1,0,0.22,0
Tránsito,Alta,12,3,7,6,0.97,2
Iluminación,Alta,5,1,4,3,0.54,2
Seguridad,Baja,9,2,7,0,0.28,2
Residuos,Alta,13,3,8,6,0.64,2
Seguridad,Media,13,0,4,6,0.65,2
Bache,Media,9,5,5,2,0.48,2
Residuos,Alta,3,2,3,1,0.93,1
Tránsito,Alta,15,0,2,3,0.56,2
Seguridad,Alta,9,1,7,2,0.73,2
Tránsito,Media,19,4,4,2,0.0,2
Residuos,Media,19,5,2,6,0.49,2
Iluminación,Alta,11,6,8,4,0.46,2
Bache,Alta,19,4,3,5,0.71,2
Bache,Media,17,1,0,2,0.18,1
Iluminación,Baja,5,6,1,6,0.77,1
Iluminación,Baja,14,0,1,1,0.19,0
Residuos,Media,21,1,1,6,0.6,1
Tránsito,Baja,4,2,8,2,0.22,2
Iluminación,Baja,0,1,5,4,0.27,2
Iluminación,Media,12,1,7,2,0.5,2
Tránsito,Baja,1,0,0,2,0.75,1
Tránsito,Baja,14,6,5,4,0.36,2
Incendio,Media,16,6,0,2,0.84,1
Incendio,Alta,5,6,5,1,0.44,2
Seguridad,Alta,5,1,4,0,0.27,2
Seguridad,Baja,7,4,8,4,0.9,2
Seguridad,Alta,5,1,7,2,0.89,2
Iluminación,Alta,6,6,8,0,0.36,2
Tránsito,Baja,22,3,6,2,0.75,2
Seguridad,Media,20,0,2,2,0.84,2
Bache,Alta,19,6,8,2,0.54,2
Incendio,Baja,8,4,3,5,0.06,2
Incendio,Baja,23,4,1,0,0.89,0
Tránsito,Alta,13,1,8,3,0.67,2
Incendio,Alta,21,5,6,4,0.48,2
Iluminación,Media,19,0,8,3,0.49,2
Bache,Alta,5,5,0,2,0.36,1
Seguridad,Media,14,5,2,0,0.49,1
Residuos,Baja,11,4,6,6,0.22,2
Seguridad,Baja,23,5,1,1,0.69,0
Tránsito,Media,12,4,7,5,0.01,2
Residuos,Media,15,2,2,0,0.26,0
Tránsito,Media,7,4,2,4,0.08,2
Iluminación,Baja,5,0,1,4,0.26,1
Seguridad,Media,21,0,6,2,0.54,2
Tránsito,Baja,1,1,0,6,0.44,1
Bache,Baja,0,4,0,0,0.28,0
Tránsito,Baja,20,0,8,1,0.14,2
Tránsito,Alta,18,2,8,2,0.78,2
Iluminación,Alta,14,6,4,4,0.12,2
Seguridad,Baja,9,4,0,6,0.73,1
Bache,Baja,2,4,8,2,0.4,1
Seguridad,Alta,18,2,7,0,0.97,2
Residuos,Media,0,3,6,4,0.15,2
Residuos,Media,8,6,3,6,0.36,2
Seguridad,Baja,9,4,4,5,0.16,2
Seguridad,Alta,15,5,2,0,0.4,1
Bache,Baja,6,2,0,6,0.75,2
Residuos,Baja,1,3,6,4,0.78,2
Bache,Alta,22,0,7,4,0.74,2
Tránsito,Alta,8,6,2,2,0.56,2
Iluminación,Media,14,2,0,6,0.8,1
Incendio,Media,9,5,3,4,0.97,2
Incendio,Media,21,1,4,6,0.79,2
Incendio,Media,4,5,5,4,0.3,2
Bache,Baja,20,5,8,5,0.24,2
Iluminación,Alta,15,2,6,2,0.12,2
Iluminación,Alta,9,1,3,2,0.58,2
Seguridad,Media,16,1,6,5,0.64,2
Seguridad,Alta,22,4,4,4,0.34,2
Seguridad,Alta,17,4,7,0,0.43,2
Tránsito,Media,3,2,3,6,0.83,2
Incendio,Alta,13,5,1,2,0.62,2
Iluminación,Baja,16,0,2,4,0.84,1
Tránsito,Media,17,0,8,1,0.21,2
Incendio,Media,1,6,6,4,0.65,2
Incendio,Baja,2,4,0,0,0.22,0
Seguridad,Alta,17,1,6,3,0.36,2
Bache,Media,17,3,0,3,0.67,1
Seguridad,Media,0,5,3,4,0.32,2
Iluminación,Media,0,2,7,1,0.85,2
Incendio,Alta,12,6,6,4,0.61,2
Iluminación,Alta,3,3,6,4,0.13,2
Seguridad,Alta,1,0,3,3,0.19,2
Residuos,Baja,19,6,4,4,0.33,2
Bache,Media,0,2,0,3,0.5,1
Seguridad,Baja,11,3,8,2,0.52,2
Residuos,Alta,1,0,6,2,0.82,2
Incendio,Alta,21,1,3,0,0.14,2
Seguridad,Media,5,4,8,4,0.76,2
Iluminación,Alta,9,3,3,5,0.37,2
Bache,Media,13,0,4,0,0.75,2
Incendio,Baja,15,4,5,4,0.54,2
Bache,Media,22,4,8,2,0.74,2
Iluminación,Alta,10,3,1,2,0.16,1
Seguridad,Alta,18,1,6,6,0.69,2
Iluminación,Media,2,3,4,0,0.9,1
Tránsito,Baja,11,2,7,2,0.2,2
Seguridad,Baja,0,0,4,2,0.93,1
Iluminación,Alta,1,1,8,0,0.01,2
Bache,Alta,2,1,6,5,0.16,2
Incendio,Baja,21,1,4,1,0.7,1
Iluminación,Baja,8,6,7,4,0.21,2
Tránsito,Baja,10,0,4,1,0.4,1
Seguridad,Media,10,3,5,1,0.19,2
Tránsito,Baja,3,2,5,2,0.8,2
Seguridad,Media,13,2,6,4,0.49,2
Iluminación,Alta,21,3,6,4,0.16,2
Residuos,Media,13,5,4,0,1.0,1
Seguridad,Alta,11,1,6,1,0.92,2
Bache,Media,12,3,7,0,0.44,1
Iluminación,Media,20,5,6,0,0.36,2
Seguridad,Baja,1,0,0,6,0.02,1
Incendio,Alta,1,2,4,0,0.81,2
Tránsito,Alta,3,3,4,1,0.5,2
Bache,Baja,3,1,1,4,0.75,2
Tránsito,Baja,16,4,5,0,0.36,1
Tránsito,Baja,20,1,5,5,0.17,2
Bache,Alta,6,4,8,5,0.55,2
Seguridad,Baja,11,3,5,6,0.82,2
Iluminación,Media,15,2,6,4,0.73,2
Iluminación,Baja,20,1,5,1,0.11,2
Bache,Baja,7,3,6,5,0.6,2
Residuos,Media,19,6,3,3,0.53,2
Tránsito,Baja,13,4,8,3,0.49,2
Seguridad,Baja,20,4,4,3,0.85,2
Incendio,Alta,20,1,0,3,0.06,2
Iluminación,Baja,7,2,0,5,0.83,1
Incendio,Media,23,0,1,2,0.28,1
Iluminación,Baja,11,5,0,1,0.01,0
Bache,Media,20,2,5,2,0.83,2
Residuos,Media,12,0,2,4,0.22,1
Seguridad,Baja,12,2,7,3,0.92,2
Seguridad,Media,21,3,0,1,0.77,1
Incendio,Baja,8,3,6,5,0.19,2
Bache,Alta,19,6,8,5,1.0,2
Tránsito,Baja,0,0,6,0,0.82,2
Iluminación,Alta,0,0,2,4,0.83,2
Residuos,Media,0,1,6,0,0.96,1
Tránsito,Media,3,0,5,0,0.7,2
Incendio,Media,22,6,5,1,0.89,2
Seguridad,Media,12,6,1,6,0.45,2
Residuos,Baja,20,3,3,4,0.6,2
Seguridad,Media,22,3,8,4,0.11,2
Tránsito,Media,10,5,1,4,0.42,2
Bache,Alta,11,6,2,3,0.28,2
Incendio,Baja,7,3,1,6,0.8,2
Residuos,Baja,14,1,0,5,0.85,0
Tránsito,Baja,12,1,6,3,0.22,2
Bache,Alta,0,2,1,5,0.52,2
Residuos,Media,22,4,2,2,0.43,1
Iluminación,Baja,9,1,1,2,0.96,1
Incendio,Baja,18,5,4,1,0.15,2
Tránsito,Alta,12,3,4,2,0.11,2
Tránsito,Alta,0,1,4,5,0.48,2
Seguridad,Baja,12,3,2,2,0.26,1
Residuos,Media,14,1,0,6,0.4,1
Residuos,Alta,1,3,7,3,0.11,2
Tránsito,Media,17,6,2,4,0.09,2
Iluminación,Baja,12,1,4,3,0.44,1
Bache,Baja,9,6,8,3,0.2,2
Seguridad,Media,0,1,7,1,0.72,2
Iluminación,Baja,19,6,2,0,0.36,1
Seguridad,Media,11,5,7,6,0.09,2
Incendio,Alta,2,0,1,2,0.03,2
Bache,Baja,19,3,3,3,0.37,2
Incendio,Alta,10,0,1,2,0.96,2
Iluminación,Media,18,3,7,1,0.49,2
Tránsito,Baja,17,4,5,4,0.47,2
Seguridad,Baja,16,5,1,2,0.75,1
Tránsito,Baja,13,5,6,6,0.53,2
Residuos,Media,2,4,5,3,0.71,2
Seguridad,Media,2,1,7,0,0.27,2
Residuos,Media,3,0,7,2,0.8,2
Tránsito,Alta,21,3,8,5,0.44,2
Residuos,Alta,12,1,1,6,0.4,2
Seguridad,Media,1,2,7,0,0.96,2
Iluminación,Alta,11,3,6,1,0.62,2
Incendio,Media,3,3,3,4,0.3,2
Bache,Alta,19,5,4,4,0.82,2
Tránsito,Baja,3,1,1,3,0.36,1
Tránsito,Alta,13,0,2,1,0.13,2
Incendio,Alta,20,1,6,3,0.12,2
Residuos,Media,1,4,6,5,0.38,2
Iluminación,Media,22,1,1,0,0.33,0
Bache,Media,4,0,8,6,0.38,2
Incendio,Baja,3,6,5,0,0.73,1
Incendio,Alta,20,6,6,3,0.99,2
Iluminación,Alta,6,0,4,6,0.33,2
Seguridad,Alta,12,3,2,0,0.5,1
Iluminación,Baja,4,1,6,4,0.34,2
Incendio,Baja,0,6,1,2,0.76,1
Iluminación,Baja,17,4,8,0,0.82,1
Bache,Alta,22,5,5,5,0.14,2
Iluminación,Alta,5,3,7,0,0.73,2
Iluminación,Media,3,6,5,1,0.91,2
Iluminación,Media,10,6,2,3,0.72,1
Iluminación,Media,18,1,5,1,0.5,2
Incendio,Media,15,4,3,5,0.05,2
Tránsito,Baja,21,3,4,3,0.49,2
Seguridad,Alta,18,2,6,2,0.38,2
Seguridad,Media,17,5,0,1,0.2,1
Iluminación,Alta,8,1,0,3,0.38,2
Tránsito,Alta,23,6,1,2,0.72,2
Iluminación,Alta,9,6,0,5,0.73,2
Incendio,Baja,6,2,2,1,0.44,1
Incendio,Media,15,6,7,1,0.32,2
Seguridad,Media,2,6,6,2,0.17,2
Incendio,Media,16,4,1,1,0.32,1
Residuos,Alta,0,5,5,0,0.9,2
Iluminación,Alta,19,1,0,4,0.13,2
Residuos,Media,6,1,4,5,0.82,2
Incendio,Media,4,3,8,6,0.35,2
Residuos,Baja,10,5,0,0,0.79,0
Tránsito,Media,8,2,5,6,0.26,2
Incendio,Baja,13,0,4,2,0.26,1
Incendio,Media,17,1,0,3,0.71,2
Iluminación,Baja,12,0,6,4,0.47,2
Seguridad,Media,2,0,4,6,0.34,2
Iluminación,Alta,9,3,5,0,0.95,2
Incendio,Alta,23,6,5,0,0.18,2
Iluminación,Baja,4,2,3,0,0.32,0
Tránsito,Baja,17,3,7,5,0.77,2
Residuos,Media,21,2,2,4,0.15,1
Tránsito,Media,16,6,5,5,0.56,2
Seguridad,Baja,14,1,3,5,0.48,2
Incendio,Baja,22,5,4,3,0.98,2
Tránsito,Media,0,1,6,0,0.08,2
Residuos,Baja,19,2,5,5,0.19,2
Incendio,Baja,7,0,1,6,0.7,2
Tránsito,Alta,15,0,3,3,0.71,2
Iluminación,Media,23,0,0,0,0.17,0
Incendio,Media,3,5,3,5,0.12,2
Bache,Alta,8,5,4,5,0.12,2
Seguridad,Baja,8,4,1,4,0.39,2
Iluminación,Baja,6,2,5,0,0.39,1
Residuos,Baja,4,0,4,2,0.52,1
Seguridad,Alta,16,3,8,2,0.54,2
Bache,Baja,13,6,4,1,0.4,1
Seguridad,Media,1,5,2,6,0.35,2
Residuos,Baja,19,6,4,1,0.15,1
Seguridad,Baja,18,1,3,1,0.12,1
Iluminación,Media,21,5,1,1,0.31,1
Iluminación,Baja,0,5,5,3,0.08,2
Bache,Baja,4,1,7,2,0.24,1
Residuos,Media,14,3,3,3,0.87,1
Incendio,Alta,18,5,5,0,0.75,2
Incendio,Media,23,4,4,0,0.92,1
Bache,Baja,3,0,7,4,0.98,2
Iluminación,Alta,0,3,3,0,0.34,1
Bache,Baja,11,4,2,1,0.37,0
Residuos,Alta,1,6,0,2,0.25,1
Seguridad,Baja,8,1,8,5,0.58,2
Bache,Baja,13,3,2,0,0.3,0
Bache,Media,15,1,6,4,0.84,2
Iluminación,Alta,10,6,7,4,0.69,2
Bache,Alta,0,0,7,2,0.12,2
Incendio,Baja,10,5,8,2,0.08,2
Tránsito,Baja,11,2,6,2,0.79,2
Iluminación,Baja,23,1,8,6,0.68,2
Residuos,Media,13,3,4,2,0.39,1
Bache,Alta,3,5,2,1,0.78,2
Tránsito,Baja,12,2,5,1,0.83,2
Incendio,Baja,13,5,0,3,0.64,1
Seguridad,Media,13,1,2,0,1.0,1
Iluminación,Alta,20,6,0,2,0.61,2
Iluminación,Baja,7,6,8,6,0.85,2
Seguridad,Media,15,4,1,5,0.06,2
Seguridad,Media,18,2,3,3,0.14,2
Residuos,Alta,19,3,2,3,0.67,2
Residuos,Alta,10,6,8,5,0.91,2
Residuos,Alta,10,2,4,0,0.05,1
Iluminación,Baja,21,5,6,6,0.15,2
Iluminación,Baja,13,1,2,0,0.49,0
Residuos,Baja,20,6,7,1,0.13,1
Bache,Media,14,5,5,5,0.55,2
Incendio,Media,9,1,7,2,0.45,2
Seguridad,Alta,14,1,4,2,0.14,2
Residuos,Alta,21,0,2,6,0.71,2
Incendio,Media,12,5,2,2,0.35,1
Iluminación,Alta,23,1,8,1,0.74,2
Residuos,Baja,9,2,1,1,0.75,0
Incendio,Baja,19,3,6,4,0.69,2
Residuos,Baja,14,6,4,6,0.53,1
Residuos,Alta,17,1,5,1,0.19,2
Iluminación,Media,23,4,3,0,0.62,1
Incendio,Alta,3,1,8,0,0.38,2
Seguridad,Alta,11,1,3,3,0.35,2
Bache,Alta,20,4,4,1,0.53,2
Residuos,Media,2,4,4,6,0.81,2
Residuos,Baja,8,6,3,0,0.94,1
Seguridad,Media,2,3,2,1,0.95,1
Incendio,Baja,13,1,5,1,0.49,1
Residuos,Alta,20,4,4,6,0.6,2
Residuos,Alta,2,0,7,3,0.2,2
Iluminación,Baja,19,0,3,0,0.5,1
Seguridad,Media,19,6,0,5,0.5,2
Bache,Media,9,5,5,1,0.89,2
Residuos,Media,7,4,8,3,0.35,2
Residuos,Baja,8,3,7,2,0.93,2
Incendio,Media,2,6,7,0,0.32,2
Bache,Alta,19,1,5,3,0.75,2
Incendio,Alta,10,6,0,6,0.74,2
Bache,Baja,16,4,2,5,0.35,1
Iluminación,Media,4,5,6,1,0.32,2
Bache,Baja,16,2,1,1,0.25,0
Bache,Media,23,5,1,4,0.48,1
Iluminación,Baja,16,2,8,3,0.2,2
Tránsito,Baja,4,0,6,1,0.31,1
Bache,Baja,16,5,0,1,0.12,0
Incendio,Alta,17,3,7,4,0.0,2
Iluminación,Baja,15,1,0,4,0.43,1
Incendio,Baja,15,1,2,3,0.84,1
Bache,Baja,5,4,2,1,0.79,1
Residuos,Baja,20,5,3,6,0.18,2
Residuos,Alta,13,5,1,6,0.74,2
Iluminación,Baja,0,5,8,5,0.06,2
Seguridad,Alta,21,3,5,1,0.29,2
Incendio,Alta,9,1,4,5,0.57,2
Residuos,Baja,16,1,1,1,0.05,0
Bache,Alta,23,5,5,0,1.0,2
Iluminación,Baja,18,5,3,3,0.1,2
Incendio,Baja,0,6,6,2,0.71,2
Tránsito,Media,7,3,2,3,0.6,2
Iluminación,Alta,20,1,4,0,0.07,2
Bache,Baja,17,6,8,2,0.93,2
Bache,Media,0,2,1,3,0.65,1
Incendio,Alta,18,4,0,0,0.75,1
Bache,Baja,23,4,6,1,0.3,1
Residuos,Alta,10,3,6,5,0.28,2
Seguridad,Baja,7,3,3,5,0.05,2
Iluminación,Alta,18,4,6,2,0.84,2
Iluminación,Baja,5,5,4,1,0.33,1
Incendio,Media,9,3,1,5,0.03,2
Tránsito,Alta,14,1,7,3,0.54,2
Incendio,Media,6,2,6,4,0.32,2
Iluminación,Media,4,0,8,3,0.86,2
Iluminación,Alta,17,3,6,6,0.21,2
Seguridad,Media,17,0,7,3,0.95,2
Residuos,Baja,16,1,1,6,0.28,1
Residuos,Baja,7,3,5,5,0.6,2
Tránsito,Baja,1,1,0,3,0.8,2
Bache,Alta,7,0,2,2,0.53,2
Seguridad,Alta,11,2,2,5,0.84,2
Seguridad,Alta,7,6,8,3,0.44,2
Incendio,Media,2,2,8,4,0.74,2
Bache,Alta,16,5,2,4,0.64,2
Seguridad,Media,7,0,3,1,0.15,2
Tránsito,Baja,17,1,0,6,0.55,1
Tránsito,Media,5,4,4,6,0.82,2
Incendio,Baja,22,4,7,3,0.62,2
Residuos,Baja,15,3,7,4,0.62,2
Bache,Alta,22,5,4,0,0.91,2
Bache,Baja,0,0,7,0,0.09,1
Seguridad,Baja,12,2,3,1,0.72,1
Incendio,Baja,7,3,4,0,0.75,1
Iluminación,Alta,3,6,4,1,0.96,2
Iluminación,Media,15,4,0,0,0.75,0
Iluminación,Alta,9,3,1,3,0.87,2
Tránsito,Media,10,3,1,0,0.06,1
Iluminación,Alta,12,4,0,2,0.41,1
Tránsito,Alta,14,0,3,5,0.05,2
Incendio,Baja,0,6,7,6,0.63,2
Residuos,Alta,3,6,8,2,0.98,2
Incendio,Alta,2,1,8,4,0.29,2
Tránsito,Media,9,3,0,1,0.29,1
Bache,Baja,21,2,3,1,0.42,1
Seguridad,Alta,15,2,8,5,0.69,2
Bache,Alta,0,4,3,3,0.07,2
Bache,Alta,8,5,6,4,0.44,2
Tránsito,Alta,0,5,4,4,0.24,2
Tránsito,Media,16,2,2,6,0.91,2
Bache,Alta,4,4,0,5,0.33,2
Incendio,Alta,4,2,8,5,0.98,2
Bache,Baja,4,3,7,3,0.22,2
Iluminación,Baja,14,1,4,0,0.28,1
Residuos,Baja,7,6,7,3,0.8,2
Tránsito,Media,1,1,2,3,0.0,2
Incendio,Alta,12,6,0,6,0.74,2
Incendio,Baja,10,2,2,5,0.21,1
Tránsito,Alta,21,3,5,4,0.91,2
Residuos,Alta,6,4,3,0,0.05,2
Residuos,Media,15,4,1,4,0.77,1
Residuos,Alta,18,2,7,0,0.7,2
Incendio,Media,18,2,8,5,0.69,2
Incendio,Baja,11,1,5,2,0.59,2
Incendio,Media,0,0,7,1,0.1,2
Residuos,Media,23,4,2,4,0.12,1
Seguridad,Media,14,4,0,3,0.09,1
Bache,Alta,17,3,0,4,0.64,2
Residuos,Baja,18,3,3,6,0.01,2
Residuos,Media,14,3,1,3,0.3,1
Bache,Baja,9,1,3,2,0.94,2
Seguridad,Media,4,4,4,1,0.44,2
Seguridad,Media,21,0,5,3,0.17,2
Residuos,Alta,22,0,4,3,0.91,2
Bache,Baja,3,6,6,6,0.12,2
Incendio,Alta,2,2,4,6,0.21,2
Residuos,Alta,5,4,6,0,0.14,2
Residuos,Alta,3,0,4,0,0.33,1
Incendio,Media,5,4,6,5,0.22,2
Bache,Media,13,4,4,4,0.44,2
Incendio,Alta,0,3,1,1,0.8,1
Tránsito,Alta,19,3,3,3,0.19,2
Bache,Baja,5,6,7,1,0.7,1
Tránsito,Alta,23,6,3,3,0.97,2
Seguridad,Alta,20,5,3,4,0.61,2
Residuos,Alta,20,4,1,3,0.47,2
Seguridad,Alta,4,4,3,3,0.69,2
Bache,Alta,12,6,3,4,0.91,2
Residuos,Alta,3,3,1,0,0.83,1
Iluminación,Baja,3,0,8,3,0.85,2
Iluminación,Media,19,3,2,3,0.04,2
Bache,Media,16,1,6,0,0.56,1
Bache,Baja,8,2,3,3,0.9,2
Seguridad,Baja,18,3,6,1,0.95,2
Seguridad,Alta,9,5,7,2,0.7,2
Seguridad,Alta,3,1,7,2,0.26,2
Seguridad,Media,4,5,5,5,0.09,2
Bache,Alta,18,1,3,5,0.28,2
Bache,Alta,3,4,0,0,0.13,1
Incendio,Baja,23,4,7,1,0.59,1
Iluminación,Alta,21,4,8,3,0.54,2
Seguridad,Media,6,2,4,2,0.41,2
Residuos,Baja,16,3,3,0,0.38,0
Seguridad,Media,15,4,7,6,0.34,2
Tránsito,Alta,18,1,8,1,0.29,2
Incendio,Alta,1,3,3,1,0.59,2
Seguridad,Baja,3,3,0,0,0.05,0
Incendio,Media,9,2,0,1,0.4,1
Iluminación,Alta,13,5,8,4,0.83,2
Bache,Media,0,2,6,2,0.76,2
Tránsito,Media,13,0,6,1,0.3,2
Tránsito,Alta,5,1,1,3,0.0,2
Seguridad,Alta,10,1,8,4,0.75,2
Incendio,Baja,20,2,6,4,0.13,2
Tránsito,Media,12,2,7,5,0.59,2
Residuos,Baja,16,3,3,1,0.74,0
Incendio,Alta,11,5,5,6,0.01,2
Seguridad,Baja,16,5,0,5,0.85,1
Seguridad,Baja,12,0,2,1,0.95,1
Iluminación,Baja,2,2,7,5,0.7,2
Iluminación,Baja,15,2,4,1,0.13,1
Incendio,Baja,12,5,8,4,0.36,2
Tránsito,Alta,0,4,1,6,0.58,2
Seguridad,Media,5,4,3,4,0.31,2
Residuos,Baja,20,6,7,6,0.15,2
Residuos,Media,21,5,1,0,0.51,0
Residuos,Alta,13,6,2,1,0.77,1
Residuos,Baja,18,5,5,0,0.36,1
Residuos,Baja,5,5,6,6,0.51,2
Incendio,Alta,3,3,1,0,0.22,1
Residuos,Baja,2,1,0,3,0.45,0
Incendio,Media,23,6,6,0,0.94,2
Tránsito,Baja,18,0,4,3,0.71,2
Incendio,Alta,4,2,0,3,0.37,2
Tránsito,Alta,1,0,5,1,0.51,2
Seguridad,Alta,6,0,5,4,0.81,2
Bache,Alta,18,0,0,5,0.16,2
Seguridad,Alta,10,1,3,2,0.89,2
Seguridad,Media,7,5,8,5,0.64,2
Iluminación,Media,5,4,5,4,0.74,2
Seguridad,Baja,21,0,1,1,0.34,0
Tránsito,Baja,22,4,0,4,0.41,1
Iluminación,Alta,13,6,2,6,0.32,2
Bache,Media,20,6,1,5,0.44,2
Bache,Alta,4,5,3,1,0.31,2
Incendio,Alta,11,4,4,0,0.25,2
Tránsito,Alta,17,1,5,3,0.63,2
Seguridad,Baja,6,1,7,5,0.39,2
Residuos,Media,22,6,7,4,0.32,2
Bache,Alta,20,2,7,4,0.84,2
Seguridad,Alta,15,4,7,3,0.08,2
Incendio,Baja,12,2,3,4,0.13,2
Bache,Media,22,3,5,5,0.67,2
Incendio,Baja,23,2,6,1,0.13,1
Residuos,Baja,11,0,0,5,0.71,0
Incendio,Alta,16,4,0,5,0.92,2
Tránsito,Media,1,2,2,4,0.64,2
Iluminación,Baja,6,6,0,6,0.39,1
Iluminación,Media,0,4,6,4,0.23,2
Tránsito,Media,1,6,4,3,0.15,2
Bache,Media,0,5,6,1,0.81,2
Iluminación,Baja,11,5,6,3,0.46,2
Incendio,Alta,21,4,1,0,0.85,1
Residuos,Media,17,5,6,3,0.78,2
Bache,Baja,13,1,5,4,0.88,2
Iluminación,Media,2,4,1,4,0.51,1
Tránsito,Media,8,3,8,5,0.48,2
Seguridad,Baja,12,0,2,4,0.56,1
Seguridad,Alta,23,3,4,5,0.71,2
Tránsito,Media,23,3,6,4,0.94,2
Tránsito,Media,5,0,6,3,0.27,2
Bache,Media,17,6,2,1,0.06,1
Tránsito,Baja,13,6,4,4,0.35,2
Incendio,Alta,2,5,2,4,0.85,2
Bache,Baja,15,5,4,3,0.8,2
Tránsito,Alta,1,1,4,5,0.52,2
Seguridad,Media,22,1,3,5,0.85,2
Incendio,Baja,15,1,6,1,0.88,1
Iluminación,Baja,6,4,2,2,0.54,1
Residuos,Baja,9,2,7,5,0.31,2
Seguridad,Media,17,6,8,2,0.48,2
Incendio,Baja,0,6,1,6,0.04,1
Iluminación,Alta,15,0,5,0,0.83,2
Bache,Baja,9,3,4,4,0.06,2
Incendio,Baja,2,1,2,0,0.35,0
Incendio,Media,4,5,8,4,0.47,2
Tránsito,Alta,0,6,8,5,0.53,2
Seguridad,Alta,14,5,5,5,0.42,2
Tránsito,Media,0,4,7,6,0.24,2
Iluminación,Alta,19,6,0,6,0.58,2
Tránsito,Alta,19,6,3,5,0.03,2
Tránsito,Baja,1,1,6,0,0.93,2
Iluminación,Baja,7,3,1,4,0.75,1
Tránsito,Baja,20,0,2,1,0.12,1
Residuos,Baja,13,1,8,6,0.38,2
Residuos,Alta,15,6,5,4,0.45,2
Incendio,Alta,1,0,5,1,0.5,2
Seguridad,Alta,21,0,0,6,0.66,2
Iluminación,Baja,16,4,7,5,0.69,2
Incendio,Media,0,3,2,1,0.18,1
Bache,Alta,7,0,3,5,0.31,2
Incendio,Baja,13,5,1,0,0.35,0
Tránsito,Media,3,2,6,6,0.83,2
Incendio,Baja,5,1,2,6,0.61,1
Tránsito,Alta,16,4,2,3,0.7,2
Residuos,Alta,10,4,5,3,0.5,2
Incendio,Alta,14,6,5,0,0.78,2
Incendio,Baja,10,2,3,0,0.68,1
Incendio,Baja,10,6,2,2,0.98,1
Residuos,Baja,13,6,3,6,0.92,1
Seguridad,Baja,14,3,4,5,0.27,2
Tránsito,Baja,1,1,7,4,0.27,2
Bache,Media,20,2,1,3,0.98,2
Iluminación,Alta,13,5,3,1,0.65,2
Incendio,Alta,14,1,8,4,0.86,2
Seguridad,Media,18,3,0,3,0.67,2
Iluminación,Media,2,1,3,5,0.42,2
Iluminación,Alta,11,3,7,5,0.9,2
Seguridad,Media,0,4,2,3,0.87,2
Incendio,Alta,23,5,2,2,0.94,2
Seguridad,Media,20,5,0,0,0.68,1
Residuos,Baja,13,5,1,0,0.65,0
Seguridad,Baja,20,5,1,4,0.44,2
Iluminación,Baja,0,5,1,5,0.49,1
Incendio,Media,0,4,5,0,0.62,2
Incendio,Media,15,6,5,2,0.5,2
Seguridad,Media,4,0,0,2,0.98,1
Residuos,Alta,22,4,6,1,0.91,2
Incendio,Media,0,5,5,2,0.67,2
Tránsito,Baja,12,6,0,3,0.48,1
Incendio,Media,19,4,7,5,0.91,2
Bache,Baja,18,1,1,2,0.58,1
Seguridad,Baja,17,6,1,1,0.97,1
Residuos,Media,12,5,3,0,0.03,1
Residuos,Baja,2,2,7,5,0.36,2
Incendio,Alta,12,3,5,3,0.5,2
Bache,Baja,10,5,7,5,0.03,2
Residuos,Baja,17,1,1,4,0.27,1
Iluminación,Alta,6,4,3,5,0.01,2
Seguridad,Baja,12,3,5,6,0.64,2
Tránsito,Media,2,1,5,4,0.88,2
Iluminación,Alta,17,2,2,5,0.35,2
Incendio,Baja,13,2,6,3,0.49,2
Residuos,Alta,13,5,2,1,0.83,1
Tránsito,Media,15,0,1,0,0.52,1
Tránsito,Media,17,1,4,3,0.41,2
Iluminación,Baja,1,5,8,2,0.34,1
Residuos,Media,1,4,1,2,0.3,1
Tránsito,Baja,21,5,0,4,0.96,2
Incendio,Alta,19,5,5,4,0.77,2
Bache,Media,0,1,5,2,0.29,2
Incendio,Baja,4,3,5,5,0.59,2
Residuos,Alta,16,4,1,3,0.92,1
Seguridad,Baja,3,6,1,3,0.69,1
Residuos,Alta,17,2,7,1,0.25,2
Iluminación,Media,16,1,6,5,0.33,2
Incendio,Baja,18,5,0,0,0.28,0
Residuos,Alta,23,4,1,3,0.25,1
Bache,Baja,5,3,1,1,0.84,1
Bache,Media,11,5,6,1,0.62,2
Bache,Media,7,5,4,0,0.53,2
Seguridad,Media,0,6,7,6,0.45,2
Incendio,Media,6,0,5,0,0.25,2
Tránsito,Media,19,4,0,0,0.95,2
Tránsito,Media,16,5,1,3,0.79,2
Residuos,Alta,10,2,4,1,0.8,2
Iluminación,Alta,19,0,0,1,0.83,1
Seguridad,Baja,12,4,3,3,0.39,1
Bache,Media,19,6,7,3,0.37,2
Iluminación,Baja,19,1,6,1,0.64,2
Residuos,Baja,11,0,3,3,0.93,1
Seguridad,Media,5,2,0,2,0.66,1
Tránsito,Baja,20,3,4,4,0.16,2
Seguridad,Media,2,3,1,1,0.67,1
Incendio,Alta,11,5,8,0,0.27,2
Iluminación,Media,6,1,1,6,0.37,2
Iluminación,Alta,18,3,5,6,0.0,2
Incendio,Media,16,6,5,1,0.11,2
Bache,Media,7,1,6,2,0.04,2
Incendio,Alta,2,4,0,4,0.74,2
Bache,Media,1,4,2,1,0.53,1
Tránsito,Alta,2,5,1,3,0.65,2
Bache,Baja,4,0,4,5,0.51,2
Bache,Baja,22,4,4,4,0.94,2
Tránsito,Baja,23,6,6,0,0.72,2
Seguridad,Baja,9,5,2,5,0.01,2
Incendio,Alta,22,5,8,0,0.49,2
Iluminación,Alta,15,6,0,3,0.77,1
Residuos,Baja,14,2,2,2,0.81,0
Iluminación,Baja,17,0,4,4,0.89,2
Incendio,Baja,12,0,3,0,0.62,1
Bache,Media,4,2,6,2,0.29,2
Tránsito,Media,1,3,0,5,0.62,1
Tránsito,Baja,16,1,6,5,0.1,2
Residuos,Baja,13,3,7,6,0.02,2
Tránsito,Alta,11,1,3,2,0.69,2
Incendio,Baja,23,4,6,4,0.29,2
Iluminación,Media,4,6,1,1,0.34,1
Tránsito,Media,7,1,5,2,0.72,2
Tránsito,Media,6,0,6,3,0.46,2
Residuos,Media,4,4,7,5,0.86,2
Incendio,Media,20,0,1,5,0.51,2
Seguridad,Media,17,1,3,6,0.3,2
Iluminación,Alta,21,2,6,0,0.24,2
Incendio,Baja,5,0,3,6,0.71,2
Residuos,Media,5,1,8,0,0.62,1
Bache,Baja,0,0,4,0,0.63,1
Tránsito,Media,0,6,0,5,0.76,2
Bache,Media,2,2,2,2,0.42,1
Residuos,Baja,0,5,6,5,0.56,2
Seguridad,Media,16,5,6,4,0.47,2
Bache,Alta,6,1,5,1,0.88,2
Residuos,Media,9,1,1,4,0.54,2
Seguridad,Alta,11,0,8,2,0.01,2
Tránsito,Baja,23,5,1,2,0.48,1
Tránsito,Alta,15,5,2,3,0.23,2
Residuos,Media,6,6,7,3,0.93,2
Iluminación,Media,18,0,6,5,0.46,2
Seguridad,Baja,3,6,6,6,0.64,2
Seguridad,Media,11,6,2,4,0.49,2
Seguridad,Baja,5,2,8,6,0.99,2
Iluminación,Alta,21,4,1,4,0.35,2
Tránsito,Baja,19,4,2,5,0.33,2
Seguridad,Media,21,1,4,6,0.95,2
Tránsito,Media,10,3,4,0,0.47,1
Residuos,Alta,16,4,0,3,0.77,1
Residuos,Alta,2,0,6,5,0.83,2
Iluminación,Baja,1,1,3,2,0.45,1
Residuos,Baja,10,3,5,3,0.79,1
Incendio,Baja,3,2,3,6,0.02,2
Tránsito,Baja,8,1,2,5,0.45,2
Seguridad,Alta,18,0,6,3,0.72,2
Bache,Alta,16,5,0,2,0.69,1
Iluminación,Media,20,6,4,4,0.28,2
Bache,Media,5,0,5,0,0.35,1
Residuos,Alta,2,6,3,2,0.09,2
Residuos,Media,6,4,6,1,0.86,2
Bache,Baja,6,6,8,5,0.05,2
Bache,Alta,23,4,4,5,0.99,2
Incendio,Alta,17,3,4,0,0.26,2
Iluminación,Baja,17,3,7,1,0.49,2
Residuos,Baja,17,2,1,0,0.36,0
Seguridad,Media,16,4,4,4,0.98,2
Incendio,Alta,18,3,8,4,0.31,2
Iluminación,Alta,4,6,7,6,0.56,2
Residuos,Alta,9,4,4,1,0.59,2
Iluminación,Baja,4,2,6,0,0.63,1
Iluminación,Alta,1,4,7,0,0.28,2
Seguridad,Alta,10,0,4,0,0.41,2
Bache,Baja,14,1,4,4,0.97,2
Bache,Media,18,6,3,0,0.76,2
Iluminación,Baja,2,6,1,5,0.51,1
Tránsito,Baja,14,2,6,6,0.73,2
Tránsito,Media,22,6,1,4,0.8,2
Seguridad,Alta,18,0,3,5,0.94,2
Residuos,Alta,20,6,5,2,0.1,2
Seguridad,Baja,9,0,5,4,0.29,2
Iluminación,Alta,0,0,6,6,0.55,2
Incendio,Baja,17,1,7,3,0.79,2
Seguridad,Baja,3,1,0,0,0.81,0
Residuos,Alta,9,1,0,6,0.28,2
Iluminación,Baja,13,2,2,6,0.66,1
Seguridad,Alta,6,4,5,5,0.04,2
Incendio,Alta,12,3,0,4,0.92,2
Incendio,Media,21,5,3,2,0.09,2
Residuos,Baja,18,4,2,5,0.39,1
Bache,Baja,6,1,5,5,0.36,2
Seguridad,Media,8,2,6,0,0.2,2
Incendio,Baja,23,0,5,2,0.47,2
Seguridad,Alta,23,5,1,1,0.34,1
Incendio,Alta,22,2,8,4,0.85,2
Incendio,Alta,14,3,7,1,0.28,2
Iluminación,Baja,11,4,5,0,0.26,1
Tránsito,Alta,6,5,7,1,0.43,2
Residuos,Media,21,1,5,3,0.78,2
Seguridad,Baja,6,6,3,5,0.82,2
Tránsito,Media,14,4,3,1,0.03,1
Iluminación,Media,6,0,1,1,0.04,1
Residuos,Baja,3,0,5,6,0.3,2
Iluminación,Media,18,4,0,3,0.3,1
Incendio,Media,8,0,0,6,0.92,2
Iluminación,Alta,16,3,3,6,0.48,2
Bache,Media,7,6,4,3,0.91,2
Seguridad,Baja,0,6,1,4,0.18,1
Incendio,Media,15,6,4,6,0.91,2
Residuos,Alta,19,4,3,1,0.93,2
Residuos,Media,13,2,5,2,0.71,2
Tránsito,Alta,23,6,8,4,0.17,2
Residuos,Media,18,2,8,0,0.2,2
Residuos,Alta,22,5,3,3,0.89,2
Bache,Alta,0,6,2,2,0.66,2
Bache,Alta,20,5,6,1,0.66,2
Tránsito,Media,19,3,2,0,0.67,1
Bache,Media,12,2,7,1,0.43,2
Tránsito,Alta,5,6,8,0,0.83,2
Iluminación,Alta,14,3,3,1,0.99,2
Iluminación,Alta,5,0,1,6,0.96,2
Bache,Alta,2,2,7,3,0.52,2
Iluminación,Baja,18,4,7,3,0.17,2
Bache,Media,1,2,0,5,0.83,2
Tránsito,Alta,6,5,7,5,0.12,2
Iluminación,Media,11,0,1,0,0.09,0
Seguridad,Media,21,5,1,0,0.23,1
Residuos,Baja,12,0,1,3,0.11,0
Tránsito,Media,0,3,1,6,0.66,2
Bache,Baja,0,5,4,4,0.02,2
Seguridad,Baja,22,2,1,2,0.9,1
Bache,Media,2,3,3,6,0.45,2
Residuos,Media,11,3,4,2,0.49,1
Incendio,Media,19,0,2,4,0.19,2
Seguridad,Baja,4,4,4,3,0.72,2
Incendio,Baja,18,2,5,2,0.06,2
Seguridad,Media,18,5,1,2,0.65,2
Residuos,Baja,17,5,2,6,0.01,1
Tránsito,Alta,3,1,0,4,0.61,2
Iluminación,Alta,12,4,1,5,0.46,2
Seguridad,Alta,10,0,4,0,0.47,2
Tránsito,Baja,12,2,8,3,0.99,2
Bache,Media,8,2,8,1,0.86,2
Iluminación,Baja,17,5,6,1,0.6,2
Incendio,Baja,9,4,0,1,0.72,1
Seguridad,Alta,13,4,6,1,0.5,2
Seguridad,Alta,19,1,6,1,0.05,2
Seguridad,Baja,16,6,2,6,0.54,1
Iluminación,Baja,13,2,7,4,0.38,2
Iluminación,Media,16,4,0,4,0.43,1
Tránsito,Alta,18,4,7,5,0.54,2
Iluminación,Baja,20,0,4,4,0.21,2
Incendio,Alta,4,6,5,5,0.34,2
Bache,Media,4,0,1,4,0.02,1
Incendio,Alta,17,2,2,3,0.24,2
Bache,Media,17,6,6,0,0.33,2
Incendio,Alta,15,2,0,2,0.65,1
Iluminación,Media,2,4,4,5,0.4,2
Residuos,Media,2,1,2,6,0.62,1
Residuos,Alta,21,3,1,2,0.01,1
Residuos,Alta,23,5,5,1,0.93,2
Residuos,Alta,11,5,2,6,0.91,2
Incendio,Baja,6,0,6,6,0.58,2
Incendio,Baja,4,6,0,2,0.17,0
Bache,Baja,15,0,7,1,0.74,2
Iluminación,Baja,15,0,2,6,0.97,1
Bache,Media,6,6,6,2,0.25,2
Iluminación,Baja,7,5,8,3,0.99,2
Bache,Media,6,3,0,2,0.3,1
Incendio,Baja,3,6,7,5,0.55,2
Iluminación,Alta,19,3,1,4,0.07,2
Iluminación,Baja,12,5,6,6,0.39,2
Tránsito,Baja,17,5,0,3,0.95,2
Bache,Baja,20,2,5,4,0.35,2
Tránsito,Baja,18,6,6,5,0.58,2
Residuos,Alta,19,0,7,6,0.29,2
Bache,Alta,5,1,0,5,0.44,2
Incendio,Media,11,1,1,5,0.71,2
Seguridad,Alta,15,3,5,1,0.85,2
Seguridad,Alta,16,1,2,1,0.96,2
Tránsito,Baja,7,0,8,4,0.79,2
Incendio,Baja,23,4,1,3,0.96,1
Bache,Alta,11,3,7,3,0.62,2
Seguridad,Media,15,6,3,4,0.53,2
Iluminación,Baja,20,1,6,5,0.23,2
Seguridad,Media,1,4,5,2,0.37,2
Tránsito,Baja,5,6,8,2,0.06,2
Seguridad,Baja,18,4,4,3,0.03,2
Bache,Media,16,6,3,4,0.14,2
Incendio,Alta,2,0,8,6,0.92,2
Tránsito,Media,17,0,0,1,0.38,1
Tránsito,Baja,10,2,7,6,0.83,2
Incendio,Alta,10,5,3,3,0.33,2
Incendio,Alta,16,3,6,6,0.88,2
Tránsito,Alta,12,3,1,1,0.3,1
Bache,Baja,10,3,8,2,0.31,1
Incendio,Baja,19,0,5,4,0.44,2
Tránsito,Baja,2,1,5,1,0.78,2
Residuos,Alta,4,2,2,5,0.31,2
Seguridad,Alta,9,6,6,1,0.38,2
Seguridad,Baja,11,6,7,0,0.73,1
Tránsito,Media,7,4,0,2,0.64,1
Residuos,Alta,19,3,2,5,0.09,2
Seguridad,Media,14,2,4,6,0.61,2
Bache,Alta,21,1,0,6,0.3,2
Incendio,Baja,5,2,6,0,0.76,1
Tránsito,Media,4,2,7,6,0.82,2
Tránsito,Alta,11,0,2,0,0.8,2
Seguridad,Media,3,0,7,2,0.17,2
Iluminación,Alta,5,5,2,6,0.36,2
Incendio,Alta,11,4,0,1,0.15,1
Iluminación,Media,0,4,7,0,0.76,1
Tránsito,Baja,11,0,0,1,0.69,0
Incendio,Media,11,2,1,1,0.67,1
Seguridad,Baja,15,1,1,5,0.17,1
Residuos,Media,15,5,0,3,0.3,1
Tránsito,Alta,3,0,0,0,0.69,1
Iluminación,Baja,11,0,4,3,0.51,1
Bache,Baja,3,3,5,1,0.59,1
Bache,Baja,21,2,3,6,0.39,1
Residuos,Media,19,0,1,2,0.37,1
Seguridad,Alta,21,6,1,1,0.87,1
Tránsito,Baja,5,4,0,6,0.06,1
Iluminación,Baja,5,1,3,0,0.87,0
Bache,Baja,0,2,3,0,0.68,0
Iluminación,Baja,2,3,1,4,0.18,1
Bache,Baja,17,4,0,5,0.27,1
Seguridad,Alta,14,2,0,2,0.07,1
Bache,Media,23,6,8,0,0.08,1
Residuos,Media,12,0,2,0,0.05,0
Incendio,Alta,17,1,0,0,0.47,1
Seguridad,Baja,0,1,7,1,0.27,1
Incendio,Alta,17,6,0,0,0.82,1
Seguridad,Baja,12,2,1,5,0.84,1
Incendio,Baja,15,4,0,0,0.05,0
Iluminación,Baja,5,5,3,3,0.47,1
Iluminación,Baja,0,2,4,0,0.47,1
Residuos,Alta,2,2,4,0,0.82,1
Incendio,Baja,5,0,5,1,0.59,1
Residuos,Alta,16,2,0,4,0.9,1
Iluminación,Media,11,5,2,3,0.82,1
Bache,Baja,20,6,0,5,0.22,1
Incendio,Baja,4,6,0,1,0.38,0
Residuos,Baja,17,5,0,0,0.89,0
Residuos,Baja,11,3,2,5,0.32,1
Tránsito,Baja,21,0,2,2,0.57,1
Iluminación,Baja,12,6,2,2,0.19,1
Residuos,Alta,23,5,3,0,0.12,1
Iluminación,Baja,14,3,4,2,0.75,1
Tránsito,Baja,4,0,1,6,0.2,1
Residuos,Baja,23,3,7,1,0.96,1
Residuos,Baja,12,0,0,4,0.16,0
Incendio,Baja,20,5,0,6,0.39,1
Bache,Baja,13,0,1,1,0.68,0
Seguridad,Baja,17,2,1,3,0.33,1
Iluminación,Baja,16,3,0,0,0.34,0
Seguridad,Media,14,3,1,3,0.4,1
Incendio,Baja,5,1,3,1,0.8,1
Incendio,Media,3,1,2,0,0.78,1
Iluminación,Media,23,1,3,1,0.51,1
Residuos,Baja,13,4,1,1,0.07,0
Residuos,Baja,4,2,2,4,0.46,1
Bache,Media,4,6,1,3,0.11,1
Tránsito,Baja,12,0,1,2,0.34,1
Tránsito,Media,2,1,0,5,0.59,1
Incendio,Baja,2,3,6,1,0.61,1
Tránsito,Baja,21,4,1,4,0.19,1
Bache,Media,1,5,2,3,0.55,1
Residuos,Media,11,0,1,3,0.99,1
Seguridad,Media,12,0,3,0,0.29,1
Bache,Media,22,5,2,0,0.07,1
Seguridad,Baja,3,3,1,6,0.56,1
Incendio,Baja,3,5,1,3,0.44,1
Iluminación,Baja,0,2,3,6,0.44,1
Incendio,Media,2,3,2,2,0.82,1
Seguridad,Baja,5,3,1,6,0.49,1
Tránsito,Media,10,3,0,3,0.54,1
Seguridad,Media,16,6,2,0,0.22,1
Tránsito,Baja,13,4,2,1,0.34,1
Residuos,Alta,14,5,3,0,0.94,1
Incendio,Baja,11,2,0,2,0.8,0
Tránsito,Baja,5,4,2,0,0.6,0
Residuos,Media,10,4,1,0,0.5,0
Iluminación,Baja,11,0,7,0,0.94,1
Seguridad,Baja,13,1,3,0,0.66,1
Seguridad,Media,0,6,0,3,0.97,1
Residuos,Baja,17,4,1,4,0.99,1
Seguridad,Baja,20,2,4,0,0.18,1
Residuos,Baja,20,5,1,5,0.26,1
Seguridad,Media,12,0,0,6,0.74,1
Tránsito,Baja,16,3,5,0,0.26,1
Bache,Media,3,4,0,4,0.26,1
Bache,Baja,22,1,3,1,0.63,1
Seguridad,Alta,4,3,2,0,0.07,1
Tránsito,Alta,23,3,0,1,0.12,1
Residuos,Baja,1,2,1,5,0.33,1
Tránsito,Media,14,0,1,2,0.54,1
Residuos,Baja,10,0,2,1,0.97,0
Iluminación,Media,21,4,1,2,0.96,1
Incendio,Baja,13,3,4,0,0.87,1
Incendio,Media,15,1,2,0,0.81,1
Residuos,Baja,23,5,5,0,0.82,1
Seguridad,Baja,22,4,0,0,0.57,0
Bache,Baja,10,6,1,6,0.64,1
Bache,Baja,3,4,2,0,0.36,0
Residuos,Baja,0,4,4,6,0.59,1
Iluminación,Baja,15,6,3,0,0.77,0
Iluminación,Media,3,0,0,2,0.9,1
Residuos,Baja,23,4,4,2,0.18,1
Residuos,Baja,23,1,5,1,0.25,1
Seguridad,Baja,22,0,2,3,0.04,1
Residuos,Alta,23,4,0,6,0.32,1
Tránsito,Baja,2,1,0,1,0.78,1
Incendio,Media,7,1,0,0,0.4,1
Iluminación,Baja,1,5,2,6,0.14,1
Iluminación,Media,0,0,1,3,0.04,1
Tránsito,Baja,16,1,1,1,0.3,0
Incendio,Baja,3,5,1,5,0.34,1
Iluminación,Media,8,1,0,2,0.55,1
Residuos,Baja,12,5,2,2,0.17,0
Incendio,Baja,21,1,5,0,0.59,1
Residuos,Baja,0,0,8,3,0.57,1
Residuos,Media,14,4,1,1,0.15,0
Residuos,Alta,16,2,0,0,0.56,0
Residuos,Media,10,3,1,3,0.7,1
Tránsito,Baja,22,6,1,4,0.44,1
Residuos,Baja,21,1,3,5,0.8,1
Incendio,Media,1,5,0,3,0.87,1
Bache,Baja,10,5,4,2,0.21,1
Iluminación,Media,13,1,0,3,0.24,1
Bache,Baja,0,1,8,2,0.14,1
Tránsito,Media,2,1,0,1,0.06,1
Iluminación,Media,14,1,1,5,0.53,1
Incendio,Alta,3,6,0,0,0.4,1
Residuos,Baja,0,2,0,6,0.04,0
Bache,Media,13,0,2,0,0.25,1
Iluminación,Baja,0,4,4,2,0.32,1
Incendio,Media,10,3,3,1,0.09,1
Residuos,Media,5,4,0,1,0.02,0
Residuos,Baja,12,5,2,3,0.75,1
Bache,Media,22,2,2,1,0.05,1
Seguridad,Baja,1,0,4,0,0.05,1
Seguridad,Media,3,4,3,0,0.69,1
Residuos,Media,11,1,7,1,0.56,1
Residuos,Baja,7,5,6,0,0.62,1
Iluminación,Baja,12,1,0,2,0.61,0
Tránsito,Baja,10,2,1,4,0.17,1
Incendio,Alta,16,6,0,0,0.39,1
Bache,Baja,12,6,5,2,0.06,1
Bache,Alta,13,3,1,0,0.09,1
Residuos,Media,20,3,2,1,0.15,1
Bache,Baja,6,3,3,0,0.68,1
Iluminación,Baja,10,0,3,3,0.86,1
Tránsito,Media,22,6,1,0,0.19,1
Seguridad,Media,0,0,1,1,1.0,1
Residuos,Baja,12,4,4,4,0.47,1
Incendio,Alta,4,0,2,0,0.72,1
Residuos,Media,22,2,8,1,0.18,1
Iluminación,Media,15,6,2,0,0.39,1
Seguridad,Media,16,2,1,0,0.01,1
Residuos,Baja,5,5,0,6,0.39,0
Iluminación,Baja,15,4,5,0,0.75,1
Residuos,Alta,4,1,0,2,0.8,1
Residuos,Media,18,3,2,0,0.02,1
Iluminación,Media,1,1,2,2,0.04,1
Iluminación,Media,2,1,1,4,0.81,1
Iluminación,Alta,1,4,1,1,0.76,1
Seguridad,Baja,18,2,0,3,0.35,1
Iluminación,Media,12,6,8,0,0.16,1
Iluminación,Baja,4,5,7,0,0.66,1
Tránsito,Baja,10,2,4,2,0.44,1
Iluminación,Baja,2,5,2,3,0.17,1
Residuos,Media,12,1,3,3,0.52,1
Residuos,Baja,16,5,1,5,0.57,1
Iluminación,Media,15,6,2,2,0.64,1
Residuos,Alta,3,2,0,4,0.64,1
Seguridad,Alta,11,0,0,0,0.26,1
Iluminación,Baja,12,6,3,2,0.88,1
Seguridad,Baja,3,6,2,2,0.74,1
Bache,Baja,21,0,0,2,0.56,0
Seguridad,Baja,22,4,1,4,0.45,1
Incendio,Baja,0,6,2,0,1.0,0
Residuos,Media,2,3,6,0,0.72,1
Bache,Baja,22,3,3,3,0.04,1
Seguridad,Media,10,6,2,1,0.32,1
Incendio,Media,11,1,1,1,0.9,1
Residuos,Baja,3,5,1,5,0.96,1
Incendio,Baja,0,2,6,0,0.83,1
Iluminación,Baja,11,5,4,1,0.19,1
Bache,Baja,18,3,7,0,0.62,1
Tránsito,Media,15,2,0,6,0.57,1
Incendio,Baja,3,1,2,3,0.85,1
Residuos,Media,22,6,3,3,0.53,1
Residuos,Baja,23,1,0,3,0.2,0
Iluminación,Media,13,5,2,0,0.93,1
Seguridad,Media,20,0,0,1,0.74,1
Residuos,Media,2,5,6,1,0.52,1
Incendio,Baja,5,2,2,4,0.87,1
Iluminación,Alta,2,2,1,0,0.07,1
Residuos,Media,12,3,1,6,0.82,1
Bache,Baja,1,0,1,2,0.74,1
Tránsito,Media,12,3,3,1,0.33,1
Residuos,Baja,9,5,0,2,0.89,0
Residuos,Alta,9,3,1,1,0.93,1
Incendio,Baja,6,1,1,0,0.62,1
Incendio,Media,16,1,0,2,0.02,1
Residuos,Media,16,1,1,1,0.77,0
Iluminación,Baja,9,0,1,2,0.71,1
Residuos,Baja,12,5,1,4,0.35,1
Seguridad,Baja,21,2,0,5,0.31,1
Iluminación,Baja,8,3,1,5,0.69,1
Residuos,Baja,22,1,4,4,0.95,1
Seguridad,Baja,22,3,2,3,0.23,1
Seguridad,Baja,7,6,1,0,0.94,1
Residuos,Alta,23,1,0,6,0.66,1
Iluminación,Alta,16,6,0,2,0.65,1
Incendio,Baja,10,4,2,6,0.6,1
Residuos,Alta,11,1,0,3,0.72,1
Incendio,Media,14,1,1,3,0.65,1
Iluminación,Media,14,6,1,6,0.56,1
Residuos,Media,10,6,4,1,0.55,1
Incendio,Baja,22,4,1,1,0.48,0
Residuos,Alta,4,1,3,1,0.44,1
Incendio,Baja,4,0,0,4,0.29,1
Bache,Alta,4,0,0,2,0.48,1
Residuos,Alta,11,6,0,0,0.53,0
Incendio,Baja,10,2,3,1,0.12,1
Iluminación,Baja,23,0,7,1,0.31,1
Iluminación,Alta,10,4,1,0,0.79,1
Incendio,Media,13,5,0,2,0.15,1
Seguridad,Baja,23,2,4,1,0.6,1
Bache,Media,3,6,2,0,0.22,1
Incendio,Baja,22,2,0,3,1.0,1
Residuos,Alta,4,0,1,2,0.92,1
Residuos,Media,6,3,2,2,0.47,1
Residuos,Media,18,2,0,0,0.47,0
Incendio,Baja,7,0,4,0,0.92,1
Iluminación,Media,12,4,3,2,0.45,1
Residuos,Baja,10,2,3,1,0.23,0
Iluminación,Baja,5,0,1,1,0.31,0
Iluminación,Alta,1,6,1,2,0.77,1
Residuos,Media,14,5,0,4,0.3,1
Seguridad,Media,21,4,0,6,0.6,1
Seguridad,Baja,20,0,0,3,0.23,1
Seguridad,Media,15,5,2,2,0.73,1
Residuos,Baja,3,4,5,2,0.18,1
Iluminación,Baja,23,1,0,4,0.7,1
Iluminación,Baja,2,4,2,3,0.77,1
Bache,Media,6,1,0,3,0.18,1
Residuos,Baja,1,1,8,1,0.45,1
Bache,Media,15,4,0,0,0.86,1
Residuos,Media,12,1,4,1,0.91,1
Iluminación,Media,1,2,1,2,0.25,1
Tránsito,Media,4,6,0,0,0.7,0
Seguridad,Baja,23,3,3,2,0.77,1
Iluminación,Baja,4,3,1,5,0.22,1
Iluminación,Media,23,1,0,0,0.27,0
Iluminación,Baja,23,3,3,5,0.76,1
Residuos,Alta,12,3,0,5,0.41,1
Bache,Media,15,3,1,4,0.33,1
Seguridad,Baja,23,6,0,6,0.49,1
Residuos,Baja,5,5,6,2,0.0,1
Bache,Baja,21,3,4,3,0.43,1
Residuos,Baja,9,2,4,0,0.15,1
Incendio,Baja,11,5,3,1,0.64,1
Residuos,Alta,22,1,0,6,0.48,1
Residuos,Baja,9,0,1,1,0.5,0
Residuos,Baja,17,5,5,0,0.45,1
Incendio,Baja,2,2,2,5,0.96,1
Incendio,Baja,16,0,4,2,0.38,1
Incendio,Baja,13,6,3,3,0.25,1
Residuos,Media,1,2,4,1,0.41,1
Seguridad,Baja,13,0,0,2,0.71,0
Incendio,Baja,13,3,2,5,0.61,1
Tránsito,Alta,3,6,2,0,0.28,1
Seguridad,Baja,16,1,0,3,0.3,1
Residuos,Baja,23,4,3,1,0.8,0
Residuos,Baja,3,0,1,0,0.8,0
Incendio,Baja,16,0,3,3,0.86,1
Residuos,Media,5,5,6,0,0.69,1
Residuos,Baja,14,0,1,2,0.1,0
Residuos,Baja,10,3,8,0,0.38,1
Bache,Media,3,3,1,0,0.56,0
Bache,Media,15,4,1,6,0.26,1
Tránsito,Media,13,2,1,2,0.4,1
Residuos,Media,21,6,7,0,1.0,1
Incendio,Media,10,0,3,1,0.41,1
Residuos,Media,14,0,2,0,0.06,0
Bache,Media,13,0,1,1,0.32,1
Residuos,Alta,12,6,0,0,0.08,0
Iluminación,Baja,13,5,0,1,0.31,0
Seguridad,Media,3,1,3,1,0.01,1
Bache,Baja,0,4,3,5,0.2,1
Iluminación,Alta,14,4,2,0,0.05,1
Residuos,Baja,14,6,1,1,0.13,0
Seguridad,Baja,0,5,1,0,0.6,0
Seguridad,Baja,21,4,3,1,0.28,1
Iluminación,Alta,11,1,0,3,0.34,1
Seguridad,Baja,22,3,5,0,0.92,1
Residuos,Baja,19,5,7,1,0.72,1
Incendio,Media,3,5,1,3,0.8,1
Residuos,Baja,11,1,2,0,0.78,0
Tránsito,Baja,18,0,1,1,0.21,1
Bache,Baja,20,5,0,1,0.28,0
Iluminación,Baja,0,5,8,1,0.17,1
Tránsito,Baja,21,2,1,5,0.37,1
Residuos,Media,13,2,4,1,0.31,1
Incendio,Baja,23,6,4,2,0.58,1
Bache,Media,23,5,1,4,0.69,1
Iluminación,Baja,11,2,3,4,0.94,1
Seguridad,Baja,17,5,1,3,0.03,1
Incendio,Media,17,2,0,0,0.57,1
Iluminación,Media,15,6,7,0,0.56,1
Residuos,Baja,12,3,8,3,0.87,1
Incendio,Baja,2,2,1,4,0.32,1
Seguridad,Baja,17,5,1,3,0.12,1
Tránsito,Baja,10,2,0,2,0.0,0
Residuos,Baja,18,4,1,6,0.81,1
Tránsito,Baja,20,3,0,4,0.09,1
Incendio,Baja,6,6,2,2,0.26,1
Iluminación,Media,3,5,0,6,0.07,1
Residuos,Baja,16,5,0,3,0.41,0
Residuos,Baja,5,4,7,3,0.62,1
Incendio,Baja,9,3,1,3,0.55,1
Iluminación,Media,16,2,2,2,0.75,1
Residuos,Alta,13,5,1,3,0.69,1
Residuos,Alta,15,3,2,0,0.85,1
Bache,Media,15,0,0,4,0.57,1
Residuos,Alta,17,6,0,2,0.71,1
Residuos,Media,13,1,8,0,0.49,1
Residuos,Baja,1,0,0,5,0.96,0
Residuos,Baja,12,2,0,0,0.61,0
Incendio,Baja,12,1,3,0,0.43,1
Iluminación,Baja,6,2,7,0,0.12,1
Incendio,Media,23,4,1,2,0.76,1
Incendio,Alta,19,2,0,0,0.88,1
Incendio,Baja,12,5,2,3,0.49,1
Residuos,Baja,16,2,4,2,0.3,1
Residuos,Media,7,2,0,2,0.13,1
Tránsito,Media,23,5,1,1,0.01,1
Incendio,Baja,22,3,0,1,0.65,0
Tránsito,Baja,12,6,1,6,0.3,1
Residuos,Baja,19,0,0,2,0.38,0
Iluminación,Baja,16,0,1,1,0.06,0
Seguridad,Media,1,1,0,0,0.11,0
Iluminación,Baja,12,1,1,2,0.21,0
Residuos,Baja,17,5,4,0,0.13,1
Iluminación,Baja,2,0,8,1,0.5,1
Tránsito,Media,10,3,3,0,0.3,1
Residuos,Baja,0,3,3,3,0.94,1
Incendio,Baja,15,3,4,1,0.02,1
Seguridad,Media,10,3,0,0,0.13,0
Residuos,Baja,2,1,5,0,0.17,1
Iluminación,Alta,2,0,2,1,0.47,1
Bache,Media,8,6,0,0,0.09,1
Residuos,Alta,14,3,3,0,0.44,1
Incendio,Media,13,6,0,0,0.87,0
Iluminación,Media,15,2,6,0,0.7,1
Residuos,Baja,2,5,0,3,0.09,0
Incendio,Baja,2,6,0,1,0.59,0
Seguridad,Baja,23,5,4,1,0.62,1
Residuos,Alta,3,5,2,0,0.4,1
Tránsito,Media,5,5,0,4,0.04,1
Tránsito,Media,12,4,0,5,0.53,1
Residuos,Baja,0,0,8,2,0.91,1
Seguridad,Baja,3,3,1,3,0.34,1
Bache,Baja,12,6,0,5,0.29,1
Seguridad,Media,11,5,3,1,0.61,1
Residuos,Alta,15,1,0,0,0.69,0
Incendio,Baja,21,1,3,0,0.36,1
Iluminación,Baja,10,1,7,1,0.96,1
Incendio,Media,3,2,3,0,0.36,1
Tránsito,Baja,0,6,1,1,0.87,1
Residuos,Baja,15,0,1,3,0.4,0
Iluminación,Baja,19,1,6,0,0.93,1
Iluminación,Alta,10,5,0,2,0.95,1
Seguridad,Baja,19,1,2,2,0.1,1
Iluminación,Baja,14,3,2,0,0.12,0
Iluminación,Baja,4,5,3,5,0.44,1
Residuos,Baja,15,2,0,6,0.58,0
Residuos,Baja,1,3,8,2,0.79,1
Residuos,Baja,7,1,0,0,0.13,0
Seguridad,Alta,11,1,0,1,0.72,1
Residuos,Baja,5,4,7,1,0.86,1
Seguridad,Baja,13,2,5,0,0.75,1
Iluminación,Baja,3,2,5,0,0.8,1
Iluminación,Media,6,4,3,0,0.48,1
Bache,Media,1,6,1,4,0.19,1
Iluminación,Baja,3,4,5,0,0.02,1
Iluminación,Alta,22,0,2,0,0.67,1
Iluminación,Media,12,4,3,1,0.87,1
Residuos,Media,16,5,2,1,0.92,1
Residuos,Baja,14,4,0,5,0.75,0
Residuos,Baja,3,1,8,0,0.88,1
Residuos,Media,5,2,6,1,0.3,1
Residuos,Baja,15,0,4,2,0.7,1
Residuos,Baja,10,4,3,2,0.49,1
Bache,Baja,12,5,3,5,0.13,1
Residuos,Media,23,5,8,0,0.24,1
Iluminación,Baja,16,3,4,3,0.29,1
Incendio,Baja,14,4,2,0,0.31,0
Iluminación,Baja,13,0,0,6,0.47,1
Incendio,Baja,19,1,0,4,0.03,1
Iluminación,Media,16,5,0,2,0.7,1
Bache,Baja,21,2,0,3,0.14,0
Iluminación,Media,2,0,2,3,0.14,1
Iluminación,Baja,23,4,4,2,0.03,1
Residuos,Baja,2,3,0,3,0.29,0
Bache,Baja,16,3,0,2,0.7,0
Iluminación,Media,17,2,2,0,0.51,1
Iluminación,Baja,6,0,0,0,0.0,0
Seguridad,Media,11,0,2,1,0.44,1
Bache,Baja,23,4,3,0,0.37,0
Tránsito,Baja,1,3,1,1,0.08,0
Seguridad,Baja,15,6,0,6,0.96,1
Bache,Media,14,5,0,0,0.96,1
Residuos,Baja,10,3,1,0,0.69,0
Seguridad,Baja,14,4,2,1,0.23,1
Incendio,Baja,0,6,4,0,0.02,1
Iluminación,Baja,7,3,2,1,0.45,1
Residuos,Media,10,6,3,2,0.66,1
Bache,Media,10,6,2,2,0.1,1
Iluminación,Baja,20,2,7,0,0.93,1
Residuos,Media,13,1,4,2,0.88,1
Iluminación,Baja,4,0,5,2,0.59,1
Incendio,Media,3,4,1,2,0.28,1
Residuos,Media,14,1,2,4,0.64,1
Bache,Media,10,6,1,0,0.61,0
Iluminación,Media,11,6,8,0,0.81,1
Bache,Baja,20,5,2,0,0.36,1
Tránsito,Baja,23,6,3,2,0.53,1
Seguridad,Baja,13,6,4,2,0.02,1
Iluminación,Baja,14,0,0,5,0.14,1
Residuos,Media,3,0,2,0,0.16,0
Bache,Baja,7,0,0,4,0.47,1
Incendio,Baja,23,1,1,1,0.34,0
Seguridad,Media,5,6,3,1,0.96,1
Incendio,Baja,4,4,0,1,0.97,0
Tránsito,Alta,1,6,0,1,0.6,1
Incendio,Baja,7,5,0,5,0.47,1
Residuos,Alta,12,0,3,0,0.69,1
Tránsito,Baja,10,5,3,1,0.17,1
Residuos,Baja,7,5,4,1,0.75,1
Bache,Media,2,6,2,0,0.61,1
Tránsito,Baja,4,0,7,1,0.67,1
Incendio,Baja,9,3,4,0,0.39,1
Residuos,Media,3,0,2,3,0.61,1
Residuos,Media,12,0,2,6,0.08,1
Incendio,Media,7,0,0,1,0.05,1
Residuos,Alta,4,6,3,0,0.29,1
Bache,Baja,19,3,4,1,0.55,1
Residuos,Media,7,3,0,3,0.54,1
Iluminación,Baja,22,6,0,1,0.92,0
Residuos,Media,13,5,5,0,0.65,1
Iluminación,Baja,18,2,3,1,0.18,1
Seguridad,Baja,9,4,1,2,0.39,1
Iluminación,Baja,6,0,0,5,0.85,1
Incendio,Baja,5,1,1,2,0.34,1
Iluminación,Alta,12,4,0,0,0.39,1
Iluminación,Media,10,5,1,4,0.25,1
Bache,Media,10,2,0,2,0.16,1
Residuos,Media,23,0,6,1,0.96,1
Seguridad,Baja,9,2,2,2,0.01,1
Residuos,Baja,10,2,3,5,0.82,1
Iluminación,Alta,15,4,1,1,0.05,1
Iluminación,Media,13,2,5,0,0.37,1
Residuos,Media,12,2,0,2,0.62,0
Tránsito,Baja,5,6,2,0,0.61,0
Iluminación,Media,14,5,1,3,0.9,1
Seguridad,Baja,8,4,0,6,0.9,1
Residuos,Baja,13,4,3,0,0.09,0
Residuos,Baja,3,2,5,2,0.14,1
Seguridad,Media,7,2,2,0,0.55,1
Residuos,Alta,14,0,2,0,0.52,1
Seguridad,Media,23,5,1,3,0.23,1
Incendio,Media,23,3,2,2,0.62,1
Iluminación,Baja,19,4,0,0,0.6,0
Iluminación,Media,1,0,2,0,0.18,1
Iluminación,Baja,13,6,1,5,0.91,1
Seguridad,Baja,3,4,2,6,0.96,1
Iluminación,Baja,5,5,1,0,0.04,0
Bache,Baja,5,4,4,3,0.13,1
Bache,Baja,1,3,2,3,0.1,1
Residuos,Alta,1,6,4,0,0.18,1
Tránsito,Baja,12,6,4,1,0.34,1
Residuos,Media,22,1,2,3,0.76,1
Residuos,Baja,15,0,3,5,0.53,1
Incendio,Alta,10,1,1,1,0.26,1
Bache,Media,1,0,1,0,0.01,0
Seguridad,Baja,6,1,1,2,0.31,1
Residuos,Baja,8,4,0,2,0.42,0
Iluminación,Media,10,6,0,0,0.45,0
Residuos,Baja,22,1,0,1,0.19,0
Residuos,Baja,12,3,0,3,0.69,0
Residuos,Baja,12,0,2,2,0.48,0
Residuos,Baja,14,6,0,6,0.48,0
Iluminación,Baja,2,3,2,0,0.62,0
Residuos,Media,1,3,0,1,0.29,0
Bache,Baja,12,1,1,1,0.15,0
Residuos,Baja,5,1,0,5,0.4,0
Iluminación,Baja,16,3,0,0,0.4,0
Residuos,Baja,5,1,0,5,0.59,0
Residuos,Baja,7,2,1,1,0.67,0
Bache,Baja,2,5,0,2,0.68,0
Incendio,Baja,22,3,0,1,0.95,0
Residuos,Media,23,6,0,0,0.21,0
Residuos,Baja,13,5,1,3,0.27,0
Bache,Baja,20,2,0,1,0.07,0
Seguridad,Baja,23,3,1,0,0.03,0
Iluminación,Baja,17,1,0,0,0.74,0
Iluminación,Baja,11,4,0,1,0.84,0
Residuos,Baja,13,4,2,1,0.2,0
Incendio,Baja,22,3,0,2,0.68,0
Tránsito,Baja,21,2,0,0,0.29,0
Tránsito,Baja,23,0,1,0,0.42,0
Residuos,Baja,5,2,2,2,0.96,0
Residuos,Media,10,6,1,1,0.6,0
Residuos,Media,17,4,0,0,0.01,0
Incendio,Media,5,0,0,0,0.83,0
Tránsito,Baja,15,6,1,1,0.28,0
Iluminación,Baja,1,3,0,1,0.56,0
Bache,Baja,16,0,0,1,0.47,0
Incendio,Baja,5,3,1,0,0.19,0
Residuos,Media,14,2,1,0,0.67,0
Residuos,Baja,21,3,2,2,0.39,0
Seguridad,Baja,0,4,0,1,0.89,0
Iluminación,Baja,20,6,0,0,0.97,0
Residuos,Media,1,0,1,1,0.02,0
Residuos,Baja,4,6,0,3,0.45,0
Residuos,Baja,10,0,3,1,0.99,0
Residuos,Baja,8,2,0,2,1.0,0
Bache,Baja,10,5,1,2,0.36,0
Residuos,Baja,16,2,3,1,0.85,0
Residuos,Baja,16,0,3,0,0.77,0
Iluminación,Baja,23,0,0,3,0.37,0
Residuos,Media,21,0,1,0,0.19,0
Residuos,Baja,10,5,3,1,0.84,0
Residuos,Baja,2,1,1,3,0.2,0
Residuos,Baja,22,1,0,5,0.05,0
Seguridad,Baja,13,0,0,0,0.61,0
Residuos,Media,2,6,1,0,0.49,0
Seguridad,Baja,13,1,0,2,0.9,0
Iluminación,Baja,22,0,3,0,0.41,0
Iluminación,Baja,23,0,1,1,0.74,0
Bache,Media,13,1,1,0,0.69,0
Residuos,Baja,14,2,0,5,0.6,0
Bache,Baja,0,1,1,2,0.64,0
Residuos,Baja,16,0,0,4,0.18,0
Residuos,Baja,16,2,3,0,0.69,0
Seguridad,Baja,3,5,0,1,0.55,0
Residuos,Baja,23,3,2,2,0.42,0
Iluminación,Baja,1,3,0,1,0.42,0
Iluminación,Baja,15,0,2,0,0.2,0
Seguridad,Media,13,2,0,0,0.88,0
Iluminación,Baja,8,3,0,1,0.53,0
Bache,Baja,14,5,0,0,0.47,0
Iluminación,Media,1,1,0,1,0.63,0
Iluminación,Baja,14,3,2,1,0.4,0
Iluminación,Baja,2,2,3,0,0.1,0
Bache,Baja,16,3,0,3,0.54,0
Bache,Media,2,6,0,1,0.68,0
Residuos,Baja,11,1,1,0,0.65,0
Iluminación,Media,21,2,1,0,0.19,0
Incendio,Media,0,6,0,0,0.48,0
Incendio,Baja,22,3,0,0,0.53,0
Tránsito,Baja,11,6,0,1,0.43,0
Residuos,Media,10,1,2,0,0.7,0
Residuos,Baja,15,5,0,1,0.33,0
Bache,Baja,5,2,0,0,0.57,0
Bache,Baja,8,0,0,1,0.66,0
Residuos,Baja,2,6,0,0,0.8,0
Residuos,Baja,21,3,0,6,0.77,0
Bache,Baja,12,1,2,0,0.59,0
Iluminación,Baja,4,5,0,3,0.14,0
Incendio,Baja,12,6,0,1,0.91,0
Iluminación,Media,22,6,0,1,0.35,0
Tránsito,Baja,14,5,0,1,0.59,0
Iluminación,Baja,2,5,0,2,0.85,0
Residuos,Baja,14,4,2,2,0.84,0
Bache,Baja,6,0,0,0,0.7,0
Residuos,Baja,23,4,1,0,0.16,0
Seguridad,Media,0,0,0,0,0.14,0
Bache,Media,0,0,1,0,0.35,0
Bache,Media,4,3,0,0,0.22,0
Incendio,Baja,4,6,0,0,0.95,0
Residuos,Baja,12,3,0,0,0.49,0
Residuos,Baja,1,2,0,5,0.35,0
Iluminación,Baja,23,2,1,0,0.67,0
Bache,Baja,17,5,0,0,0.09,0
Residuos,Media,11,4,0,1,0.49,0
Bache,Baja,3,0,0,3,0.16,0
Incendio,Baja,0,4,0,1,0.71,0
Seguridad,Media,13,1,0,0,0.91,0
Tránsito,Baja,12,2,0,0,0.14,0
Residuos,Baja,0,3,0,3,0.68,0
Residuos,Media,13,2,2,0,0.78,0
Seguridad,Baja,2,4,2,0,0.33,0
Residuos,Baja,2,4,1,3,0.72,0
Seguridad,Baja,10,5,0,0,0.98,0
Iluminación,Media,14,4,1,0,0.79,0
Residuos,Baja,5,4,0,5,0.45,0
Seguridad,Baja,10,4,0,1,0.28,0
Bache,Baja,19,0,1,0,0.03,0
Residuos,Baja,1,3,1,2,0.57,0
Iluminación,Baja,16,0,0,1,0.89,0
Bache,Media,1,6,1,0,0.31,0
Tránsito,Baja,5,3,0,2,0.61,0
Iluminación,Baja,13,5,0,2,0.72,0
Tránsito,Baja,4,4,0,1,0.06,0
Incendio,Baja,13,1,0,1,0.42,0
Residuos,Baja,16,4,2,1,0.69,0
Residuos,Baja,12,2,2,0,1.0,0
Seguridad,Baja,4,1,0,1,0.27,0
Bache,Baja,3,0,0,2,0.55,0
Iluminación,Baja,12,6,0,0,0.74,0
Residuos,Media,13,1,0,1,0.71,0
Residuos,Baja,18,4,0,1,0.35,0
Residuos,Baja,11,4,1,1,0.71,0
Iluminación,Baja,11,3,3,0,0.84,0
Residuos,Baja,14,2,1,1,0.07,0
Iluminación,Media,4,5,0,1,0.1,0
Residuos,Baja,13,0,3,0,0.37,0
Residuos,Baja,15,0,1,1,0.93,0
Residuos,Media,11,2,1,0,0.27,0
Residuos,Baja,16,2,4,0,0.77,0
Iluminación,Baja,4,2,2,0,0.5,0
Bache,Baja,22,2,0,3,0.61,0
Seguridad,Baja,1,2,1,0,0.75,0
Incendio,Media,23,5,0,0,0.07,0
Iluminación,Media,5,0,0,1,0.19,0
Residuos,Baja,12,1,1,3,0.24,0
Bache,Baja,10,6,2,0,0.64,0
Incendio,Baja,3,4,0,2,0.22,0
Iluminación,Baja,21,6,1,1,0.23,0
Bache,Media,21,1,1,0,0.12,0
Residuos,Baja,8,6,1,1,0.07,0
Residuos,Baja,13,5,1,3,0.51,0
Iluminación,Baja,10,1,0,0,0.06,0
Incendio,Baja,14,6,1,0,0.54,0
Bache,Baja,15,0,0,2,0.64,0
Bache,Baja,23,6,0,0,0.16,0
Iluminación,Baja,21,1,1,2,0.18,0
Seguridad,Media,22,4,0,0,0.27,0
Residuos,Baja,5,1,1,0,0.25,0
Incendio,Baja,22,5,2,0,0.02,0
Tránsito,Baja,3,0,1,0,0.29,0
Iluminación,Baja,12,0,1,2,0.83,0
Iluminación,Baja,17,6,0,1,0.3,0
Tránsito,Media,21,3,0,0,0.43,0
Iluminación,Baja,22,1,2,0,0.66,0
Residuos,Baja,10,1,1,0,0.27,0
Iluminación,Media,12,3,0,0,0.08,0
Incendio,Baja,1,0,1,1,0.0,0
Residuos,Baja,21,4,0,6,0.64,0
Incendio,Baja,4,6,0,1,0.55,0
Residuos,Baja,0,2,0,3,0.73,0
Residuos,Baja,2,6,1,3,0.73,0
Residuos,Baja,23,3,0,1,0.79,0
Incendio,Baja,4,4,2,0,0.57,0
Tránsito,Baja,5,6,0,0,0.65,0
Iluminación,Baja,16,5,1,0,0.6,0
Seguridad,Media,0,2,0,0,0.51,0
Residuos,Baja,3,3,0,1,0.29,0
Tránsito,Media,1,5,0,0,0.6,0
Seguridad,Baja,5,1,0,0,0.92,0
Incendio,Baja,10,4,2,0,0.83,0
Bache,Baja,2,1,0,1,0.26,0
Seguridad,Baja,11,5,0,0,0.72,0
Bache,Baja,0,0,1,1,0.48,0
Incendio,Baja,2,6,1,1,0.01,0
Iluminación,Baja,11,2,2,1,0.7,0
Residuos,Baja,3,1,0,2,0.82,0
Residuos,Baja,6,3,1,0,0.47,0
Residuos,Media,16,3,2,0,0.0,0
Residuos,Media,0,2,1,0,0.1,0
Residuos,Baja,13,2,1,1,0.03,0
Residuos,Media,11,5,0,0,0.46,0
Tránsito,Media,22,3,0,0,0.09,0
Bache,Baja,11,3,2,0,0.39,0
Seguridad,Media,5,0,0,0,0.78,0
Residuos,Baja,23,4,1,1,0.96,0
Residuos,Baja,7,4,0,1,0.55,0
Seguridad,Baja,0,1,2,0,0.09,0
Iluminación,Baja,3,1,3,0,0.45,0
Residuos,Media,22,5,2,0,0.75,0
Residuos,Baja,14,6,2,0,0.03,0
Iluminación,Baja,0,3,2,0,0.02,0
Tránsito,Baja,2,5,2,0,0.47,0
Bache,Baja,11,5,2,1,0.32,0
Seguridad,Baja,1,3,1,0,0.63,0
Incendio,Baja,2,6,0,1,0.15,0
Residuos,Baja,0,5,0,3,0.31,0
Residuos,Baja,21,0,0,2,0.98,0
Seguridad,Baja,4,0,0,2,0.3,0
Iluminación,Baja,6,2,0,1,0.65,0
Iluminación,Media,21,2,0,0,0.47,0
Bache,Baja,9,5,1,0,0.19,0
Bache,Baja,0,1,0,3,0.58,0
Residuos,Media,21,6,1,0,0.05,0
Residuos,Baja,3,3,0,6,0.16,0
Iluminación,Baja,15,6,0,0,0.08,0
Residuos,Baja,1,2,0,6,0.15,0
Bache,Baja,13,0,0,1,0.63,0
Incendio,Baja,15,6,1,1,0.57,0
Residuos,Baja,16,4,1,0,0.15,0
Tránsito,Baja,16,6,0,1,0.61,0
Residuos,Media,23,1,0,1,0.57,0
Residuos,Baja,4,3,0,6,0.35,0
Incendio,Baja,16,0,2,0,0.07,0
Iluminación,Baja,22,1,3,0,0.65,0
Residuos,Baja,4,4,2,2,0.16,0
Iluminación,Baja,7,5,0,0,0.56,0
Residuos,Media,14,2,1,1,0.54,0
Iluminación,Baja,10,6,2,0,0.9,0
Bache,Baja,12,0,2,0,0.19,0
Incendio,Media,22,0,0,0,0.32,0
Iluminación,Baja,16,4,0,0,0.58,0
Residuos,Baja,17,2,1,0,0.1,0
Incendio,Baja,10,4,0,1,0.35,0
Iluminación,Baja,19,5,1,0,0.67,0
Incendio,Baja,0,1,0,1,0.2,0
Residuos,Baja,10,3,2,0,0.82,0
Residuos,Baja,16,3,0,6,0.98,0
Residuos,Baja,12,0,0,6,0.89,0
Residuos,Media,10,6,2,0,0.02,0
Tránsito,Baja,15,3,1,0,0.23,0
Iluminación,Baja,4,1,2,0,0.1,0
Residuos,Baja,16,2,1,3,0.36,0
Residuos,Baja,16,6,2,1,0.15,0
Incendio,Baja,3,0,0,2,0.98,0
Seguridad,Baja,2,0,0,0,0.73,0
Bache,Baja,1,4,0,1,0.2,0
Residuos,Media,15,5,0,0,0.74,0
Residuos,Media,21,1,1,1,0.53,0
Residuos,Media,1,2,1,1,0.56,0
Bache,Baja,5,0,1,2,0.53,0
Residuos,Baja,22,1,1,0,0.95,0
Residuos,Baja,21,1,0,0,0.31,0
Residuos,Baja,20,3,1,0,0.43,0
Seguridad,Baja,1,6,0,1,0.11,0
Residuos,Media,4,2,1,0,0.37,0
Seguridad,Baja,12,6,1,0,0.52,0
Iluminación,Media,3,0,1,0,0.86,0
Seguridad,Baja,22,2,0,0,0.98,0
Residuos,Baja,5,0,2,0,0.63,0
Incendio,Baja,16,3,1,0,0.34,0
Bache,Media,1,6,0,0,0.24,0
Residuos,Baja,2,4,2,2,0.18,0
Bache,Baja,11,4,1,1,0.51,0
Incendio,Baja,2,5,0,0,0.03,0
Incendio,Baja,18,5,0,0,0.13,0
Bache,Baja,11,4,1,2,0.7,0
Incendio,Baja,1,1,0,0,0.7,0
Residuos,Baja,19,4,0,1,0.14,0
Residuos,Baja,5,3,1,0,0.67,0
Residuos,Baja,14,2,2,2,0.88,0
Seguridad,Media,3,3,0,0,0.15,0
Iluminación,Baja,22,6,0,0,0.43,0
Incendio,Baja,21,4,1,1,0.38,0
Residuos,Baja,15,6,0,5,0.66,0
Seguridad,Media,16,5,0,0,0.35,0
Residuos,Baja,0,5,0,1,0.75,0
Bache,Media,23,5,0,0,0.47,0
Bache,Baja,22,0,2,0,0.13,0
Residuos,Baja,16,5,1,1,0.32,0
Seguridad,Baja,8,5,0,0,0.74,0
Iluminación,Media,2,5,0,0,0.33,0
Iluminación,Baja,1,6,1,1,0.04,0
Residuos,Media,2,5,0,0,0.28,0
Incendio,Baja,21,4,0,0,0.34,0
Seguridad,Baja,2,6,1,0,0.27,0
Incendio,Media,5,5,0,0,0.99,0
Residuos,Baja,6,0,1,0,0.94,0
Iluminación,Media,10,5,0,0,0.13,0
Iluminación,Baja,15,0,0,2,0.86,0
Residuos,Baja,1,4,0,1,0.35,0
Residuos,Media,14,0,0,2,0.69,0
Residuos,Baja,6,4,0,0,0.71,0
Bache,Media,3,5,0,1,0.35,0
Iluminación,Baja,15,1,2,1,0.66,0
Iluminación,Baja,4,3,2,1,0.38,0
Bache,Baja,11,4,1,2,0.14,0
Incendio,Baja,21,1,0,0,0.61,0
Residuos,Baja,1,2,0,3,0.83,0
Residuos,Media,13,4,0,0,0.53,0
Residuos,Baja,5,4,0,4,0.67,0
Residuos,Baja,15,2,0,2,0.55,0
Residuos,Alta,3,2,0,0,0.49,0
Tránsito,Baja,14,5,1,0,0.12,0
Tránsito,Baja,16,2,1,1,0.26,0
Seguridad,Baja,9,0,0,0,0.44,0
Bache,Media,3,2,0,1,0.33,0
Residuos,Media,5,2,1,0,0.53,0
Seguridad,Baja,16,6,2,0,0.76,0
Residuos,Baja,4,6,2,0,0.42,0
Bache,Baja,11,5,0,0,0.27,0
Residuos,Baja,1,0,3,1,0.97,0
Bache,Media,13,4,0,0,0.54,0
Iluminación,Baja,7,4,1,0,0.61,0
Residuos,Baja,15,4,2,0,0.87,0
Incendio,Media,21,0,0,0,0.9,0
Incendio,Media,16,3,0,0,0.84,0
Iluminación,Baja,23,3,0,2,0.73,0
Residuos,Baja,21,2,3,1,0.24,0
Residuos,Baja,17,2,1,1,0.51,0
Seguridad,Baja,23,6,1,0,0.15,0
Residuos,Baja,16,5,1,3,0.51,0
Iluminación,Baja,8,5,0,0,0.57,0
Iluminación,Media,10,4,0,0,0.93,0
Bache,Baja,3,6,3,0,0.2,0
Bache,Baja,13,6,0,3,0.38,0
Incendio,Baja,12,0,0,1,0.3,0
Residuos,Alta,15,1,0,0,0.95,0
Residuos,Baja,22,3,3,1,0.62,0
Residuos,Alta,5,2,0,0,0.09,0
Iluminación,Baja,23,1,0,0,0.61,0
Seguridad,Baja,18,4,0,0,0.25,0
Residuos,Baja,15,1,0,5,0.38,0
Residuos,Media,10,3,1,1,0.7,0
Iluminación,Baja,0,2,1,0,0.53,0
Residuos,Baja,2,6,1,2,0.3,0
Incendio,Media,1,6,0,0,0.1,0
Bache,Baja,13,6,3,0,0.52,0
Residuos,Baja,11,3,2,0,0.31,0
Tránsito,Baja,2,5,0,0,0.2,0
Seguridad,Baja,9,6,0,0,0.73,0
Iluminación,Media,2,3,0,1,0.14,0
Residuos,Baja,10,1,0,4,0.36,0
Residuos,Baja,5,3,0,5,0.95,0
Incendio,Baja,22,2,2,0,0.49,0
Residuos,Baja,1,3,3,1,0.99,0
Bache,Baja,16,5,1,2,0.54,0
Residuos,Baja,0,2,0,1,0.56,0
Seguridad,Baja,13,4,1,1,0.66,0
Incendio,Media,1,4,0,0,0.49,0
Seguridad,Media,12,4,0,0,0.39,0
Tránsito,Baja,2,5,0,0,0.18,0
Seguridad,Baja,0,0,1,0,0.93,0
Iluminación,Baja,11,1,1,2,0.31,0
Residuos,Baja,22,1,0,2,0.24,0
Iluminación,Baja,10,4,3,0,0.78,0
Residuos,Baja,1,3,0,6,0.88,0
Residuos,Baja,11,4,4,0,0.47,0
Residuos,Baja,17,0,0,1,0.29,0
Bache,Baja,23,2,1,0,0.13,0
Residuos,Baja,8,5,1,1,0.11,0
Bache,Baja,11,0,1,2,0.26,0
Residuos,Baja,16,4,0,5,0.87,0
Bache,Baja,23,6,2,1,0.09,0
Bache,Baja,23,3,2,0,0.64,0
Residuos,Baja,6,4,0,0,0.25,0
Seguridad,Baja,15,0,2,0,0.8,0
Residuos,Baja,23,6,0,4,0.02,0
Residuos,Baja,12,1,0,0,0.18,0
Residuos,Baja,14,5,0,3,0.74,0
Bache,Baja,5,1,0,0,0.59,0
Residuos,Baja,13,6,0,2,0.71,0
Residuos,Media,8,0,0,0,0.45,0
Tránsito,Baja,9,2,0,0,0.7,0
Residuos,Media,4,6,1,1,0.14,0
Incendio,Baja,1,5,1,0,0.37,0
Iluminación,Media,23,4,0,1,0.54,0
Bache,Baja,23,5,1,0,0.42,0
Residuos,Baja,14,4,3,0,0.13,0
Iluminación,Media,0,3,1,0,0.06,0
Incendio,Media,3,1,0,0,0.17,0
Residuos,Baja,4,1,0,0,0.18,0
Residuos,Media,14,5,0,0,0.88,0
Iluminación,Baja,23,3,2,1,0.34,0
Bache,Baja,10,5,1,2,0.11,0
Residuos,Baja,15,4,0,1,0.41,0
Residuos,Baja,3,1,0,0,0.61,0
Residuos,Baja,4,0,1,2,0.48,0
Seguridad,Baja,13,6,0,1,0.23,0
Residuos,Baja,11,4,1,2,0.91,0
Residuos,Baja,15,4,2,1,0.4,0
Residuos,Media,10,1,0,0,0.23,0
Iluminación,Media,10,6,0,1,0.44,0
Residuos,Baja,16,6,1,3,0.3,0
Incendio,Baja,17,0,0,0,0.79,0
Residuos,Baja,2,3,2,2,0.16,0
Incendio,Media,4,3,0,0,0.79,0
Residuos,Media,4,5,2,0,0.24,0
Tránsito,Baja,18,5,0,0,0.01,0
Residuos,Baja,3,2,3,0,0.85,0
Incendio,Baja,23,2,1,0,0.58,0
Residuos,Media,0,2,2,0,0.57,0
Bache,Baja,1,0,1,1,0.03,0
Seguridad,Baja,5,3,0,0,0.07,0
Incendio,Baja,11,3,1,1,0.49,0
Incendio,Baja,15,2,0,1,0.0,0
Seguridad,Baja,11,4,0,1,0.64,0
Incendio,Media,23,0,0,0,0.43,0
Iluminación,Baja,23,2,0,0,0.79,0
Iluminación,Baja,16,2,0,2,0.32,0
Incendio,Baja,20,2,0,0,0.12,0
Incendio,Baja,11,2,1,0,0.51,0
Bache,Baja,16,1,2,1,0.03,0
Iluminación,Baja,23,2,0,1,0.22,0
Incendio,Baja,12,3,1,1,0.2,0
Tránsito,Baja,13,1,1,1,0.44,0
Tránsito,Baja,10,3,1,1,0.04,0
Residuos,Baja,23,1,0,2,0.86,0
Seguridad,Baja,12,2,1,0,0.37,0
Residuos,Baja,22,4,4,0,0.38,0
Bache,Media,21,6,0,0,0.19,0
Iluminación,Baja,1,5,1,2,0.43,0
Residuos,Baja,13,6,3,1,0.46,0
Residuos,Baja,1,2,0,6,0.53,0
Iluminación,Media,5,6,1,0,0.46,0
Tránsito,Baja,7,5,0,0,0.63,0
Seguridad,Baja,11,6,2,0,0.97,0
Seguridad,Baja,1,1,0,2,0.9,0
Incendio,Media,14,1,0,0,0.28,0
Seguridad,Baja,12,2,2,0,0.02,0
Residuos,Baja,20,1,0,1,0.21,0
Bache,Baja,17,1,1,0,0.58,0
Incendio,Baja,10,1,1,1,0.97,0
Iluminación,Baja,12,4,1,0,0.83,0
Residuos,Media,16,5,2,0,0.07,0
Tránsito,Baja,2,4,1,1,0.27,0
Residuos,Baja,4,4,1,2,0.11,0
Iluminación,Baja,14,1,0,3,0.33,0
Incendio,Baja,2,0,2,0,0.83,0
Residuos,Baja,3,1,4,0,0.94,0
Residuos,Media,11,5,0,0,0.52,0
Tránsito,Baja,13,5,1,1,0.15,0
Residuos,Baja,4,3,0,2,0.84,0
Seguridad,Media,11,1,0,0,0.18,0
Bache,Baja,4,4,1,0,0.35,0
Iluminación,Baja,20,1,0,1,0.91,0
Residuos,Baja,11,6,2,0,0.96,0
Tránsito,Baja,23,6,0,2,0.53,0
Residuos,Baja,1,3,2,0,0.61,0
Residuos,Baja,10,5,3,0,0.57,0
Seguridad,Baja,15,6,0,2,0.14,0
Residuos,Baja,16,3,1,0,0.61,0
Seguridad,Baja,12,3,1,0,0.23,0
Residuos,Baja,14,6,1,0,0.94,0
Residuos,Baja,8,0,0,0,0.78,0
Residuos,Baja,5,6,0,2,0.25,0
Incendio,Baja,15,0,1,0,0.26,0
Bache,Baja,1,4,1,0,0.02,0
Residuos,Baja,3,2,0,3,0.32,0
Iluminación,Baja,1,3,1,2,0.89,0
Bache,Baja,5,5,0,2,0.25,0
Iluminación,Baja,16,2,1,1,0.23,0
Residuos,Baja,3,6,0,3,0.14,0
Incendio,Baja,6,1,0,0,0.33,0
Residuos,Baja,9,2,1,1,0.1,0
Residuos,Media,3,1,0,2,0.91,0
Bache,Baja,15,4,0,3,0.06,0
Seguridad,Baja,15,3,2,0,0.74,0
Iluminación,Baja,22,2,3,0,0.62,0
Bache,Baja,3,0,0,3,0.03,0
Bache,Media,5,6,1,0,0.26,0
Iluminación,Baja,19,3,0,0,0.07,0
Iluminación,Media,14,0,1,0,0.16,0
Iluminación,Baja,0,1,0,3,0.37,0
Tránsito,Baja,2,0,0,2,0.31,0
Seguridad,Media,5,4,0,0,0.84,0
